Jahr;Jährlicher Durchschnitt;Verletzungen Einstundenmittel;Verletzungen 3 Einstundenmittel;Minimum;Maximum
2018;27.351824316596133;0;0;3.0;148.0
2019;26.64029270523668;0;0;3.0;133.0
2020;23.130648105887722;0;0;3.0;144.0
2021;21.243815849748053;0;0;3.0;110.0
